-- --------------------------------------------------------
-- Host:                         127.0.0.1
-- Server version:               10.1.19-MariaDB - mariadb.org binary distribution
-- Server OS:                    Win32
-- HeidiSQL Version:             9.4.0.5169
-- --------------------------------------------------------

/*!40101 SET @OLD_CHARACTER_SET_CLIENT=@@CHARACTER_SET_CLIENT */;
/*!40101 SET NAMES utf8 */;
/*!50503 SET NAMES utf8mb4 */;
/*!40014 SET @OLD_FOREIGN_KEY_CHECKS=@@FOREIGN_KEY_CHECKS, FOREIGN_KEY_CHECKS=0 */;
/*!40101 SET @OLD_SQL_MODE=@@SQL_MODE, SQL_MODE='NO_AUTO_VALUE_ON_ZERO' */;


-- Dumping database structure for s03r4t
DROP DATABASE IF EXISTS `s03r4t`;
CREATE DATABASE IF NOT EXISTS `s03r4t` /*!40100 DEFAULT CHARACTER SET latin1 */;
USE `s03r4t`;

-- Dumping structure for table s03r4t.ci_session
DROP TABLE IF EXISTS `ci_session`;
CREATE TABLE IF NOT EXISTS `ci_session` (
  `id` varchar(40) NOT NULL,
  `ip_address` varchar(45) NOT NULL,
  `timestamp` int(10) unsigned NOT NULL DEFAULT '0',
  `data` blob NOT NULL,
  KEY `ci_sessions_timestamp` (`timestamp`)
) ENGINE=InnoDB DEFAULT CHARSET=latin1;

-- Dumping data for table s03r4t.ci_session: ~44 rows (approximately)
DELETE FROM `ci_session`;
/*!40000 ALTER TABLE `ci_session` DISABLE KEYS */;
INSERT INTO `ci_session` (`id`, `ip_address`, `timestamp`, `data`) VALUES
	('ufrvsj5fd9gpmr77a54j0dup7af7fr14', '::1', 1493686397, _binary 0x5F5F63695F6C6173745F726567656E65726174657C693A313439333638363132323B6964656E746974797C733A353A226B65747561223B757365726E616D657C733A353A226B65747561223B656D61696C7C733A31333A226365636540636563652E636F6D223B757365725F69647C733A313A2232223B6F6C645F6C6173745F6C6F67696E7C733A31303A2231343933363039383034223B6C6173745F636865636B7C693A313439333638333631343B),
	('96m1v09jlsvn7341ot4on249i07g1rep', '::1', 1493686618, _binary 0x5F5F63695F6C6173745F726567656E65726174657C693A313439333638363432393B6964656E746974797C733A353A226B65747561223B757365726E616D657C733A353A226B65747561223B656D61696C7C733A31333A226365636540636563652E636F6D223B757365725F69647C733A313A2232223B6F6C645F6C6173745F6C6F67696E7C733A31303A2231343933363039383034223B6C6173745F636865636B7C693A313439333638333631343B),
	('e1n26s4apjifhetuhqvnlgq735lsoaec', '::1', 1493686754, _binary 0x5F5F63695F6C6173745F726567656E65726174657C693A313439333638363735323B6964656E746974797C733A353A226B65747561223B757365726E616D657C733A353A226B65747561223B656D61696C7C733A31333A226365636540636563652E636F6D223B757365725F69647C733A313A2232223B6F6C645F6C6173745F6C6F67696E7C733A31303A2231343933363039383034223B6C6173745F636865636B7C693A313439333638333631343B),
	('jruhr7975hj2ahnan4agk0pnb8b9vomn', '::1', 1493687480, _binary 0x5F5F63695F6C6173745F726567656E65726174657C693A313439333638373333383B6964656E746974797C733A353A226B65747561223B757365726E616D657C733A353A226B65747561223B656D61696C7C733A31333A226365636540636563652E636F6D223B757365725F69647C733A313A2232223B6F6C645F6C6173745F6C6F67696E7C733A31303A2231343933363039383034223B6C6173745F636865636B7C693A313439333638333631343B),
	('sofs1qa1dnvms38akjhitupcgdn1krmf', '::1', 1493688072, _binary 0x5F5F63695F6C6173745F726567656E65726174657C693A313439333638373833373B6964656E746974797C733A353A226B65747561223B757365726E616D657C733A353A226B65747561223B656D61696C7C733A31333A226365636540636563652E636F6D223B757365725F69647C733A313A2232223B6F6C645F6C6173745F6C6F67696E7C733A31303A2231343933363039383034223B6C6173745F636865636B7C693A313439333638333631343B),
	('pe176846fpafodghalrajak1k76jlkm6', '::1', 1493688475, _binary 0x5F5F63695F6C6173745F726567656E65726174657C693A313439333638383330313B6964656E746974797C733A353A226B65747561223B757365726E616D657C733A353A226B65747561223B656D61696C7C733A31333A226365636540636563652E636F6D223B757365725F69647C733A313A2232223B6F6C645F6C6173745F6C6F67696E7C733A31303A2231343933363039383034223B6C6173745F636865636B7C693A313439333638333631343B),
	('ipu2bb8r1bm60rftspajnj3a9q9q8mm6', '::1', 1493688829, _binary 0x5F5F63695F6C6173745F726567656E65726174657C693A313439333638383635303B6964656E746974797C733A353A226B65747561223B757365726E616D657C733A353A226B65747561223B656D61696C7C733A31333A226365636540636563652E636F6D223B757365725F69647C733A313A2232223B6F6C645F6C6173745F6C6F67696E7C733A31303A2231343933363039383034223B6C6173745F636865636B7C693A313439333638333631343B),
	('3dcp0e4ufhbckj3km2m3vuhrqcf1hcmn', '::1', 1493689241, _binary 0x5F5F63695F6C6173745F726567656E65726174657C693A313439333638383936333B6964656E746974797C733A353A226B65747561223B757365726E616D657C733A353A226B65747561223B656D61696C7C733A31333A226365636540636563652E636F6D223B757365725F69647C733A313A2232223B6F6C645F6C6173745F6C6F67696E7C733A31303A2231343933363039383034223B6C6173745F636865636B7C693A313439333638333631343B),
	('nlmpvrlrrpk45paq52ofahr1i5d9mhp2', '::1', 1493689500, _binary 0x5F5F63695F6C6173745F726567656E65726174657C693A313439333638393237323B6964656E746974797C733A353A226B65747561223B757365726E616D657C733A353A226B65747561223B656D61696C7C733A31333A226365636540636563652E636F6D223B757365725F69647C733A313A2232223B6F6C645F6C6173745F6C6F67696E7C733A31303A2231343933363039383034223B6C6173745F636865636B7C693A313439333638333631343B),
	('qfksi71m80tgv3676ucq7cofj7leb7nj', '::1', 1493689938, _binary 0x5F5F63695F6C6173745F726567656E65726174657C693A313439333638393633393B6964656E746974797C733A353A226B65747561223B757365726E616D657C733A353A226B65747561223B656D61696C7C733A31333A226365636540636563652E636F6D223B757365725F69647C733A313A2232223B6F6C645F6C6173745F6C6F67696E7C733A31303A2231343933363039383034223B6C6173745F636865636B7C693A313439333638333631343B),
	('gohn9l9h5k9oep0icbgmdp4evaup1qdi', '::1', 1493690161, _binary 0x5F5F63695F6C6173745F726567656E65726174657C693A313439333638393934383B6964656E746974797C733A353A226B65747561223B757365726E616D657C733A353A226B65747561223B656D61696C7C733A31333A226365636540636563652E636F6D223B757365725F69647C733A313A2232223B6F6C645F6C6173745F6C6F67696E7C733A31303A2231343933363039383034223B6C6173745F636865636B7C693A313439333638333631343B),
	('3g9slthvu6i0ld0girstppcpkb0dagjf', '::1', 1493690674, _binary 0x5F5F63695F6C6173745F726567656E65726174657C693A313439333639303338343B6964656E746974797C733A353A226B65747561223B757365726E616D657C733A353A226B65747561223B656D61696C7C733A31333A226365636540636563652E636F6D223B757365725F69647C733A313A2232223B6F6C645F6C6173745F6C6F67696E7C733A31303A2231343933363039383034223B6C6173745F636865636B7C693A313439333638333631343B),
	('qpe11ei1kvj3od3qd8p1aq9esmd78lt0', '::1', 1493690985, _binary 0x5F5F63695F6C6173745F726567656E65726174657C693A313439333639303638353B6964656E746974797C733A353A226B65747561223B757365726E616D657C733A353A226B65747561223B656D61696C7C733A31333A226365636540636563652E636F6D223B757365725F69647C733A313A2232223B6F6C645F6C6173745F6C6F67696E7C733A31303A2231343933363039383034223B6C6173745F636865636B7C693A313439333638333631343B),
	('sdqq0ha5ekqtd9ecbcdf4ee8cseakrdt', '::1', 1493691240, _binary 0x5F5F63695F6C6173745F726567656E65726174657C693A313439333639303938363B6964656E746974797C733A353A226B65747561223B757365726E616D657C733A353A226B65747561223B656D61696C7C733A31333A226365636540636563652E636F6D223B757365725F69647C733A313A2232223B6F6C645F6C6173745F6C6F67696E7C733A31303A2231343933363039383034223B6C6173745F636865636B7C693A313439333638333631343B),
	('cnioeprr18dnmrvvhghr1ibkq076h800', '::1', 1493691595, _binary 0x5F5F63695F6C6173745F726567656E65726174657C693A313439333639313239353B6964656E746974797C733A353A226B65747561223B757365726E616D657C733A353A226B65747561223B656D61696C7C733A31333A226365636540636563652E636F6D223B757365725F69647C733A313A2232223B6F6C645F6C6173745F6C6F67696E7C733A31303A2231343933363039383034223B6C6173745F636865636B7C693A313439333638333631343B),
	('902ri3sr8backf4mdggbiidmjhf70fl6', '::1', 1493691920, _binary 0x5F5F63695F6C6173745F726567656E65726174657C693A313439333639313632313B6964656E746974797C733A353A226B65747561223B757365726E616D657C733A353A226B65747561223B656D61696C7C733A31333A226365636540636563652E636F6D223B757365725F69647C733A313A2232223B6F6C645F6C6173745F6C6F67696E7C733A31303A2231343933363039383034223B6C6173745F636865636B7C693A313439333638333631343B),
	('ndhqquesskd055vhb2242dc8rmu7d23g', '::1', 1493692347, _binary 0x5F5F63695F6C6173745F726567656E65726174657C693A313439333639323034393B6964656E746974797C733A353A226B65747561223B757365726E616D657C733A353A226B65747561223B656D61696C7C733A31333A226365636540636563652E636F6D223B757365725F69647C733A313A2232223B6F6C645F6C6173745F6C6F67696E7C733A31303A2231343933363039383034223B6C6173745F636865636B7C693A313439333638333631343B),
	('vlirplsorvuhsg8n62jmqhbk2sl373lj', '::1', 1493692655, _binary 0x5F5F63695F6C6173745F726567656E65726174657C693A313439333639323335343B6964656E746974797C733A353A226B65747561223B757365726E616D657C733A353A226B65747561223B656D61696C7C733A31333A226365636540636563652E636F6D223B757365725F69647C733A313A2232223B6F6C645F6C6173745F6C6F67696E7C733A31303A2231343933363039383034223B6C6173745F636865636B7C693A313439333638333631343B),
	('kha9rmuvr88467ugmj0afnah37fmt2ue', '::1', 1493692940, _binary 0x5F5F63695F6C6173745F726567656E65726174657C693A313439333639323636383B6964656E746974797C733A353A226B65747561223B757365726E616D657C733A353A226B65747561223B656D61696C7C733A31333A226365636540636563652E636F6D223B757365725F69647C733A313A2232223B6F6C645F6C6173745F6C6F67696E7C733A31303A2231343933363039383034223B6C6173745F636865636B7C693A313439333638333631343B),
	('qan10n4tra20jd8s90ctfjc0jbbe6s4o', '::1', 1493693256, _binary 0x5F5F63695F6C6173745F726567656E65726174657C693A313439333639323937353B6964656E746974797C733A353A226B65747561223B757365726E616D657C733A353A226B65747561223B656D61696C7C733A31333A226365636540636563652E636F6D223B757365725F69647C733A313A2232223B6F6C645F6C6173745F6C6F67696E7C733A31303A2231343933363039383034223B6C6173745F636865636B7C693A313439333638333631343B),
	('ta0rn4vkqv40fkhmf9940i9d76c8ihbu', '::1', 1493693634, _binary 0x5F5F63695F6C6173745F726567656E65726174657C693A313439333639333334303B6964656E746974797C733A353A226B65747561223B757365726E616D657C733A353A226B65747561223B656D61696C7C733A31333A226365636540636563652E636F6D223B757365725F69647C733A313A2232223B6F6C645F6C6173745F6C6F67696E7C733A31303A2231343933363039383034223B6C6173745F636865636B7C693A313439333638333631343B),
	('72q8iq7gsul3sd4q20308p0vb0ivh857', '::1', 1493693825, _binary 0x5F5F63695F6C6173745F726567656E65726174657C693A313439333639333636363B6964656E746974797C733A353A226B65747561223B757365726E616D657C733A353A226B65747561223B656D61696C7C733A31333A226365636540636563652E636F6D223B757365725F69647C733A313A2232223B6F6C645F6C6173745F6C6F67696E7C733A31303A2231343933363039383034223B6C6173745F636865636B7C693A313439333638333631343B),
	('ckq8d7ifcu44v277mv9qhl9i8kcpj5r6', '::1', 1493694396, _binary 0x5F5F63695F6C6173745F726567656E65726174657C693A313439333639343232303B6964656E746974797C733A353A226B65747561223B757365726E616D657C733A353A226B65747561223B656D61696C7C733A31333A226365636540636563652E636F6D223B757365725F69647C733A313A2232223B6F6C645F6C6173745F6C6F67696E7C733A31303A2231343933363039383034223B6C6173745F636865636B7C693A313439333638333631343B),
	('9p2edojhhschcurqn4l52vnhfv1pmb5n', '::1', 1493694933, _binary 0x5F5F63695F6C6173745F726567656E65726174657C693A313439333639343635303B6964656E746974797C733A353A226B65747561223B757365726E616D657C733A353A226B65747561223B656D61696C7C733A31333A226365636540636563652E636F6D223B757365725F69647C733A313A2232223B6F6C645F6C6173745F6C6F67696E7C733A31303A2231343933363039383034223B6C6173745F636865636B7C693A313439333638333631343B),
	('l5sgk0qeq1grheh8dkme6o0c0h5ihs4o', '::1', 1493695273, _binary 0x5F5F63695F6C6173745F726567656E65726174657C693A313439333639343935353B6964656E746974797C733A353A226B65747561223B757365726E616D657C733A353A226B65747561223B656D61696C7C733A31333A226365636540636563652E636F6D223B757365725F69647C733A313A2232223B6F6C645F6C6173745F6C6F67696E7C733A31303A2231343933363039383034223B6C6173745F636865636B7C693A313439333638333631343B),
	('uqf1uc7oaf5h4vdeebmjlrmvbvchs9mf', '::1', 1493695610, _binary 0x5F5F63695F6C6173745F726567656E65726174657C693A313439333639353339393B6964656E746974797C733A353A226B65747561223B757365726E616D657C733A353A226B65747561223B656D61696C7C733A31333A226365636540636563652E636F6D223B757365725F69647C733A313A2232223B6F6C645F6C6173745F6C6F67696E7C733A31303A2231343933363039383034223B6C6173745F636865636B7C693A313439333638333631343B),
	('rdmdnttvcvj45ugej714ai11064s3h20', '::1', 1493695758, _binary 0x5F5F63695F6C6173745F726567656E65726174657C693A313439333639353734393B6964656E746974797C733A353A226B65747561223B757365726E616D657C733A353A226B65747561223B656D61696C7C733A31333A226365636540636563652E636F6D223B757365725F69647C733A313A2232223B6F6C645F6C6173745F6C6F67696E7C733A31303A2231343933363039383034223B6C6173745F636865636B7C693A313439333638333631343B),
	('bo0o7rab0um2nm9bsu1id5bo76jg552c', '::1', 1493697504, _binary 0x5F5F63695F6C6173745F726567656E65726174657C693A313439333639373234373B6964656E746974797C733A353A226B65747561223B757365726E616D657C733A353A226B65747561223B656D61696C7C733A31333A226365636540636563652E636F6D223B757365725F69647C733A313A2232223B6F6C645F6C6173745F6C6F67696E7C733A31303A2231343933363039383034223B6C6173745F636865636B7C693A313439333638333631343B),
	('bt41v0h6ss0m79tmdbf44u436m1bjasl', '::1', 1493697797, _binary 0x5F5F63695F6C6173745F726567656E65726174657C693A313439333639373538363B6964656E746974797C733A353A226B65747561223B757365726E616D657C733A353A226B65747561223B656D61696C7C733A31333A226365636540636563652E636F6D223B757365725F69647C733A313A2232223B6F6C645F6C6173745F6C6F67696E7C733A31303A2231343933363039383034223B6C6173745F636865636B7C693A313439333638333631343B),
	('pui67mgcoj8neanjcmqjj8ij8alupqmc', '::1', 1493698179, _binary 0x5F5F63695F6C6173745F726567656E65726174657C693A313439333639373930353B6964656E746974797C733A353A226B65747561223B757365726E616D657C733A353A226B65747561223B656D61696C7C733A31333A226365636540636563652E636F6D223B757365725F69647C733A313A2232223B6F6C645F6C6173745F6C6F67696E7C733A31303A2231343933363039383034223B6C6173745F636865636B7C693A313439333638333631343B),
	('kr0njjhg8043vdu6133alqmf9vub4etb', '::1', 1493698485, _binary 0x5F5F63695F6C6173745F726567656E65726174657C693A313439333639383232343B6964656E746974797C733A353A226B65747561223B757365726E616D657C733A353A226B65747561223B656D61696C7C733A31333A226365636540636563652E636F6D223B757365725F69647C733A313A2232223B6F6C645F6C6173745F6C6F67696E7C733A31303A2231343933363039383034223B6C6173745F636865636B7C693A313439333638333631343B),
	('1slu3jm9c41met62o75cugvrn8vj2p4o', '::1', 1493698794, _binary 0x5F5F63695F6C6173745F726567656E65726174657C693A313439333639383532363B6964656E746974797C733A353A226B65747561223B757365726E616D657C733A353A226B65747561223B656D61696C7C733A31333A226365636540636563652E636F6D223B757365725F69647C733A313A2232223B6F6C645F6C6173745F6C6F67696E7C733A31303A2231343933363039383034223B6C6173745F636865636B7C693A313439333638333631343B),
	('cu4mhmajjiu9vtuj6rotjvvne39l2jda', '::1', 1493699149, _binary 0x5F5F63695F6C6173745F726567656E65726174657C693A313439333639383836353B6964656E746974797C733A31333A2261646D696E6973747261746F72223B757365726E616D657C733A31333A2261646D696E6973747261746F72223B656D61696C7C733A31353A2261646D696E4061646D696E2E636F6D223B757365725F69647C733A313A2231223B6F6C645F6C6173745F6C6F67696E7C733A31303A2231343933363938383431223B6C6173745F636865636B7C693A313439333639393031383B),
	('kcaglhpjpcu13runjj53ftlaprhjemdk', '::1', 1493700045, _binary 0x5F5F63695F6C6173745F726567656E65726174657C693A313439333639393739363B6964656E746974797C733A31333A2261646D696E6973747261746F72223B757365726E616D657C733A31333A2261646D696E6973747261746F72223B656D61696C7C733A31353A2261646D696E4061646D696E2E636F6D223B757365725F69647C733A313A2231223B6F6C645F6C6173745F6C6F67696E7C733A31303A2231343933363938383431223B6C6173745F636865636B7C693A313439333639393031383B),
	('uv04r80jc1tj39s314at5b0kunl0cfb3', '::1', 1493700380, _binary 0x5F5F63695F6C6173745F726567656E65726174657C693A313439333730303131313B6964656E746974797C733A31333A2261646D696E6973747261746F72223B757365726E616D657C733A31333A2261646D696E6973747261746F72223B656D61696C7C733A31353A2261646D696E4061646D696E2E636F6D223B757365725F69647C733A313A2231223B6F6C645F6C6173745F6C6F67696E7C733A31303A2231343933363938383431223B6C6173745F636865636B7C693A313439333639393031383B),
	('o8emble834gtue968j9f2rshcfrule6v', '::1', 1493700681, _binary 0x5F5F63695F6C6173745F726567656E65726174657C693A313439333730303434393B6964656E746974797C733A31333A2261646D696E6973747261746F72223B757365726E616D657C733A31333A2261646D696E6973747261746F72223B656D61696C7C733A31353A2261646D696E4061646D696E2E636F6D223B757365725F69647C733A313A2231223B6F6C645F6C6173745F6C6F67696E7C733A31303A2231343933363938383431223B6C6173745F636865636B7C693A313439333639393031383B),
	('2m243q0hqe2rdg7heo8vod55uo70obeu', '::1', 1493700965, _binary 0x5F5F63695F6C6173745F726567656E65726174657C693A313439333730303738363B6964656E746974797C733A31333A2261646D696E6973747261746F72223B757365726E616D657C733A31333A2261646D696E6973747261746F72223B656D61696C7C733A31353A2261646D696E4061646D696E2E636F6D223B757365725F69647C733A313A2231223B6F6C645F6C6173745F6C6F67696E7C733A31303A2231343933363938383431223B6C6173745F636865636B7C693A313439333639393031383B),
	('pkj73rq4p843em0i5fstrnno1b9ncg2u', '::1', 1493701389, _binary 0x5F5F63695F6C6173745F726567656E65726174657C693A313439333730313136323B6964656E746974797C733A31333A2261646D696E6973747261746F72223B757365726E616D657C733A31333A2261646D696E6973747261746F72223B656D61696C7C733A31353A2261646D696E4061646D696E2E636F6D223B757365725F69647C733A313A2231223B6F6C645F6C6173745F6C6F67696E7C733A31303A2231343933363938383431223B6C6173745F636865636B7C693A313439333639393031383B),
	('ig3r92i2j821poqp2h4u02uqf1sacpai', '::1', 1493701779, _binary 0x5F5F63695F6C6173745F726567656E65726174657C693A313439333730313530353B6964656E746974797C733A31333A2261646D696E6973747261746F72223B757365726E616D657C733A31333A2261646D696E6973747261746F72223B656D61696C7C733A31353A2261646D696E4061646D696E2E636F6D223B757365725F69647C733A313A2231223B6F6C645F6C6173745F6C6F67696E7C733A31303A2231343933363938383431223B6C6173745F636865636B7C693A313439333639393031383B),
	('6hkhvv50at6ac69bm68ttci9otrtsetg', '::1', 1493701972, _binary 0x5F5F63695F6C6173745F726567656E65726174657C693A313439333730313832313B6964656E746974797C733A31333A2261646D696E6973747261746F72223B757365726E616D657C733A31333A2261646D696E6973747261746F72223B656D61696C7C733A31353A2261646D696E4061646D696E2E636F6D223B757365725F69647C733A313A2231223B6F6C645F6C6173745F6C6F67696E7C733A31303A2231343933363938383431223B6C6173745F636865636B7C693A313439333639393031383B),
	('sfi3a6gcm40obi0f6rf85meahvcbeaa2', '::1', 1493702383, _binary 0x5F5F63695F6C6173745F726567656E65726174657C693A313439333730323136373B6964656E746974797C733A31333A2261646D696E6973747261746F72223B757365726E616D657C733A31333A2261646D696E6973747261746F72223B656D61696C7C733A31353A2261646D696E4061646D696E2E636F6D223B757365725F69647C733A313A2231223B6F6C645F6C6173745F6C6F67696E7C733A31303A2231343933363938383431223B6C6173745F636865636B7C693A313439333639393031383B),
	('c7acg219t0pnik9vklmvhk2k7q015r0n', '::1', 1493702742, _binary 0x5F5F63695F6C6173745F726567656E65726174657C693A313439333730323531393B6964656E746974797C733A31333A2261646D696E6973747261746F72223B757365726E616D657C733A31333A2261646D696E6973747261746F72223B656D61696C7C733A31353A2261646D696E4061646D696E2E636F6D223B757365725F69647C733A313A2231223B6F6C645F6C6173745F6C6F67696E7C733A31303A2231343933363939303138223B6C6173745F636865636B7C693A313439333730323533353B),
	('8ojetvg3iqbr7bhbg94vf46e9dnlnbv1', '::1', 1493703599, _binary 0x5F5F63695F6C6173745F726567656E65726174657C693A313439333730333330393B6964656E746974797C733A31333A2261646D696E6973747261746F72223B757365726E616D657C733A31333A2261646D696E6973747261746F72223B656D61696C7C733A31353A2261646D696E4061646D696E2E636F6D223B757365725F69647C733A313A2231223B6F6C645F6C6173745F6C6F67696E7C733A31303A2231343933373032353335223B6C6173745F636865636B7C693A313439333730333331373B),
	('4i0dg1a50r02jmse3bk48067bejsss4a', '::1', 1493703680, _binary 0x5F5F63695F6C6173745F726567656E65726174657C693A313439333730333638303B6964656E746974797C733A31333A2261646D696E6973747261746F72223B757365726E616D657C733A31333A2261646D696E6973747261746F72223B656D61696C7C733A31353A2261646D696E4061646D696E2E636F6D223B757365725F69647C733A313A2231223B6F6C645F6C6173745F6C6F67696E7C733A31303A2231343933373032353335223B6C6173745F636865636B7C693A313439333730333331373B);
/*!40000 ALTER TABLE `ci_session` ENABLE KEYS */;

-- Dumping structure for table s03r4t.groups
DROP TABLE IF EXISTS `groups`;
CREATE TABLE IF NOT EXISTS `groups` (
  `id` mediumint(8) unsigned NOT NULL AUTO_INCREMENT,
  `name` varchar(20) NOT NULL,
  `description` varchar(100) NOT NULL,
  PRIMARY KEY (`id`)
) ENGINE=InnoDB AUTO_INCREMENT=3 DEFAULT CHARSET=utf8;

-- Dumping data for table s03r4t.groups: ~2 rows (approximately)
DELETE FROM `groups`;
/*!40000 ALTER TABLE `groups` DISABLE KEYS */;
INSERT INTO `groups` (`id`, `name`, `description`) VALUES
	(1, 'admin', 'Administrator'),
	(2, 'members', 'General User');
/*!40000 ALTER TABLE `groups` ENABLE KEYS */;

-- Dumping structure for table s03r4t.login_attempts
DROP TABLE IF EXISTS `login_attempts`;
CREATE TABLE IF NOT EXISTS `login_attempts` (
  `id` int(11) unsigned NOT NULL AUTO_INCREMENT,
  `ip_address` varchar(15) NOT NULL,
  `login` varchar(100) NOT NULL,
  `time` int(11) unsigned DEFAULT NULL,
  PRIMARY KEY (`id`)
) ENGINE=InnoDB DEFAULT CHARSET=utf8;

-- Dumping data for table s03r4t.login_attempts: ~0 rows (approximately)
DELETE FROM `login_attempts`;
/*!40000 ALTER TABLE `login_attempts` DISABLE KEYS */;
/*!40000 ALTER TABLE `login_attempts` ENABLE KEYS */;

-- Dumping structure for table s03r4t.pembuat_surat_keluar
DROP TABLE IF EXISTS `pembuat_surat_keluar`;
CREATE TABLE IF NOT EXISTS `pembuat_surat_keluar` (
  `id` int(11) NOT NULL AUTO_INCREMENT,
  `nama` varchar(50) NOT NULL,
  PRIMARY KEY (`id`)
) ENGINE=InnoDB AUTO_INCREMENT=9 DEFAULT CHARSET=latin1;

-- Dumping data for table s03r4t.pembuat_surat_keluar: ~8 rows (approximately)
DELETE FROM `pembuat_surat_keluar`;
/*!40000 ALTER TABLE `pembuat_surat_keluar` DISABLE KEYS */;
INSERT INTO `pembuat_surat_keluar` (`id`, `nama`) VALUES
	(1, 'Panitera Muda Perdata'),
	(2, 'Panitera Muda Pidana'),
	(3, 'Panitera Muda Tipikor'),
	(4, 'Panitera Mudah Hukum'),
	(5, 'Kepegawaian'),
	(6, 'Perencanaan'),
	(7, 'Keuangan'),
	(8, 'Umum');
/*!40000 ALTER TABLE `pembuat_surat_keluar` ENABLE KEYS */;

-- Dumping structure for table s03r4t.ref_eselon
DROP TABLE IF EXISTS `ref_eselon`;
CREATE TABLE IF NOT EXISTS `ref_eselon` (
  `id` int(11) NOT NULL COMMENT 'Primary key (by system)',
  `nama` varchar(100) NOT NULL DEFAULT '' COMMENT 'Nama Tahapan: isian bebas',
  `kode` varchar(10) DEFAULT NULL COMMENT 'Kode Tahapan: isian bebas',
  `keterangan` varchar(255) DEFAULT NULL COMMENT 'Keterangan: isian bebas',
  `urutan` int(11) unsigned DEFAULT NULL COMMENT 'Urutan: (by system)',
  `aktif` char(1) NOT NULL DEFAULT 'Y' COMMENT 'Status Aktif: pilihan Y=Ya; T=Tidak',
  `diedit_oleh` varchar(30) DEFAULT NULL COMMENT 'Diedit Oleh: (by system)',
  `diedit_tanggal` datetime DEFAULT NULL COMMENT 'Diedit Tanggal: (by system)',
  `diinput_oleh` varchar(30) DEFAULT NULL COMMENT 'Diinput Oleh: (by system)',
  `diinput_tanggal` datetime DEFAULT NULL COMMENT 'Diinput Tanggal: (by system)',
  `diperbaharui_oleh` varchar(30) DEFAULT NULL COMMENT 'Diperbaharui Oleh: (by system)',
  `diperbaharui_tanggal` datetime DEFAULT NULL COMMENT 'Diperbaharui Tanggal: (by system)',
  PRIMARY KEY (`id`),
  KEY `kode` (`kode`),
  KEY `nama` (`nama`)
) ENGINE=InnoDB DEFAULT CHARSET=latin1 COMMENT='Referensi tahapan proses perkara';

-- Dumping data for table s03r4t.ref_eselon: ~14 rows (approximately)
DELETE FROM `ref_eselon`;
/*!40000 ALTER TABLE `ref_eselon` DISABLE KEYS */;
INSERT INTO `ref_eselon` (`id`, `nama`, `kode`, `keterangan`, `urutan`, `aktif`, `diedit_oleh`, `diedit_tanggal`, `diinput_oleh`, `diinput_tanggal`, `diperbaharui_oleh`, `diperbaharui_tanggal`) VALUES
	(1, 'KETUA PENGADILAN TINGGI', 'ESELEON I', NULL, 1, 'Y', NULL, NULL, NULL, NULL, NULL, NULL),
	(2, 'WAKIL KETUA PENGADILAN TINGGI', 'ESELON I', NULL, 2, 'Y', NULL, NULL, NULL, NULL, NULL, NULL),
	(3, 'PANITERA', 'ESELON II', NULL, 3, 'Y', NULL, NULL, NULL, NULL, NULL, NULL),
	(4, 'SEKRETARIS', 'ESELON II', NULL, 4, 'Y', NULL, NULL, NULL, NULL, NULL, NULL),
	(5, 'Kepala Bagian Perencanaan Dan Kepegawaian', 'ESELEON II', NULL, 5, 'Y', NULL, NULL, NULL, NULL, NULL, NULL),
	(6, 'Kepala Bagian Umum Dan Keuangan', 'ESELON III', NULL, 6, 'Y', NULL, NULL, NULL, NULL, NULL, NULL),
	(7, 'Kepala Sub Bagian Rencana Program Dan Anggaran', 'ESELON IV', NULL, 7, 'Y', NULL, NULL, NULL, NULL, NULL, NULL),
	(8, 'Kepala Sub Bagian Kepegawaian Dan Teknologi Informasi', 'ESELON IV', NULL, 8, 'Y', NULL, NULL, NULL, NULL, NULL, NULL),
	(9, 'Kepala Sub Bagian Tatausaha Dan Rumah Tangga', 'ESELON IV', NULL, 9, 'Y', NULL, NULL, NULL, NULL, NULL, NULL),
	(10, 'Kepala Sub Bagian Keuangan Dan Pelaporan', 'ESELON IV', NULL, 10, 'Y', NULL, NULL, NULL, NULL, NULL, NULL),
	(11, 'Kepala Sub Bagian Muda Perdata', 'ESELON IV', NULL, 11, 'Y', NULL, NULL, NULL, NULL, NULL, NULL),
	(12, 'Kepala Sub Bagian Muda Pidana', 'ESELON IV', NULL, 12, 'Y', NULL, NULL, NULL, NULL, NULL, NULL),
	(13, 'Kepala Sub Bagian Muda Tindak Pidana Korupsi', 'ESELON IV', NULL, 13, 'Y', NULL, NULL, NULL, NULL, NULL, NULL),
	(14, 'Kepala Sub Bagian Muda Hukum', 'ESELON IV', NULL, 14, 'Y', NULL, NULL, NULL, NULL, NULL, NULL);
/*!40000 ALTER TABLE `ref_eselon` ENABLE KEYS */;

-- Dumping structure for table s03r4t.ref_tahapan_proses
DROP TABLE IF EXISTS `ref_tahapan_proses`;
CREATE TABLE IF NOT EXISTS `ref_tahapan_proses` (
  `Id` int(11) NOT NULL COMMENT 'Primary key (by system)',
  `kode` varchar(10) DEFAULT NULL COMMENT 'Kode Tahapan: isian bebas',
  `nama` varchar(100) NOT NULL DEFAULT '' COMMENT 'Nama Tahapan: isian bebas',
  `keterangan` varchar(255) DEFAULT NULL COMMENT 'Keterangan: isian bebas',
  `urutan` int(11) unsigned DEFAULT NULL COMMENT 'Urutan: (by system)',
  `aktif` char(1) NOT NULL DEFAULT 'Y' COMMENT 'Status Aktif: pilihan Y=Ya; T=Tidak',
  `diedit_oleh` varchar(30) DEFAULT NULL COMMENT 'Diedit Oleh: (by system)',
  `diedit_tanggal` datetime DEFAULT NULL COMMENT 'Diedit Tanggal: (by system)',
  `diinput_oleh` varchar(30) DEFAULT NULL COMMENT 'Diinput Oleh: (by system)',
  `diinput_tanggal` datetime DEFAULT NULL COMMENT 'Diinput Tanggal: (by system)',
  `diperbaharui_oleh` varchar(30) DEFAULT NULL COMMENT 'Diperbaharui Oleh: (by system)',
  `diperbaharui_tanggal` datetime DEFAULT NULL COMMENT 'Diperbaharui Tanggal: (by system)',
  PRIMARY KEY (`Id`),
  KEY `kode` (`kode`),
  KEY `nama` (`nama`)
) ENGINE=InnoDB DEFAULT CHARSET=latin1 COMMENT='Referensi tahapan proses perkara';

-- Dumping data for table s03r4t.ref_tahapan_proses: ~8 rows (approximately)
DELETE FROM `ref_tahapan_proses`;
/*!40000 ALTER TABLE `ref_tahapan_proses` DISABLE KEYS */;
INSERT INTO `ref_tahapan_proses` (`Id`, `kode`, `nama`, `keterangan`, `urutan`, `aktif`, `diedit_oleh`, `diedit_tanggal`, `diinput_oleh`, `diinput_tanggal`, `diperbaharui_oleh`, `diperbaharui_tanggal`) VALUES
	(1, NULL, 'Register', NULL, 1, 'Y', NULL, NULL, NULL, NULL, NULL, NULL),
	(2, NULL, 'Disposisi Tahap I', NULL, 2, 'Y', NULL, NULL, NULL, NULL, NULL, NULL),
	(3, NULL, 'Disposisi Tahap II', NULL, 3, 'Y', NULL, NULL, NULL, NULL, NULL, NULL),
	(4, NULL, 'Disposisi Tahap III', NULL, 4, 'Y', NULL, NULL, NULL, NULL, NULL, NULL),
	(5, NULL, 'Kembali Ke TU Untuk Distribusikan', NULL, 5, 'Y', NULL, NULL, NULL, NULL, NULL, NULL),
	(6, NULL, 'Penyerahan Ke Panmud/Kasub', NULL, 6, 'Y', NULL, NULL, NULL, NULL, NULL, NULL),
	(7, NULL, 'Pembuatan Instruksi Kerja', NULL, 7, 'Y', NULL, NULL, NULL, NULL, NULL, NULL),
	(8, NULL, 'Arsip', NULL, 8, 'Y', NULL, NULL, NULL, NULL, NULL, NULL);
/*!40000 ALTER TABLE `ref_tahapan_proses` ENABLE KEYS */;

-- Dumping structure for table s03r4t.surat_arsip
DROP TABLE IF EXISTS `surat_arsip`;
CREATE TABLE IF NOT EXISTS `surat_arsip` (
  `id` bigint(11) unsigned NOT NULL AUTO_INCREMENT,
  `no_ruang` varchar(50) DEFAULT NULL,
  `no_lemari` char(5) DEFAULT NULL,
  `no_rak` char(5) DEFAULT NULL,
  `no_berkas` char(5) DEFAULT NULL,
  `nomor_arsip` varchar(100) DEFAULT NULL,
  `perkara_id` bigint(11) DEFAULT NULL,
  `nomor_perkara` varchar(50) DEFAULT NULL,
  `tanggal_masuk_arsip` date DEFAULT NULL,
  `nama_penerima` int(10) NOT NULL COMMENT 'mengacu pada user_id pada table sysusers',
  `nama_penyerah` varchar(50) DEFAULT NULL,
  `lengkap` char(1) NOT NULL DEFAULT 'Y',
  `status` tinyint(1) DEFAULT NULL,
  `keterangan` varchar(255) DEFAULT NULL,
  `diinput_oleh` varchar(30) DEFAULT NULL,
  `diinput_tanggal` datetime DEFAULT NULL,
  `diperbaharui_oleh` varchar(30) DEFAULT NULL,
  `diperbaharui_tanggal` datetime DEFAULT NULL,
  PRIMARY KEY (`id`),
  KEY `FK_surat_arsip_sys_users` (`nama_penerima`),
  CONSTRAINT `FK_surat_arsip_sys_users` FOREIGN KEY (`nama_penerima`) REFERENCES `sys_users` (`id`) ON DELETE CASCADE ON UPDATE CASCADE
) ENGINE=InnoDB DEFAULT CHARSET=latin1;

-- Dumping data for table s03r4t.surat_arsip: ~0 rows (approximately)
DELETE FROM `surat_arsip`;
/*!40000 ALTER TABLE `surat_arsip` DISABLE KEYS */;
/*!40000 ALTER TABLE `surat_arsip` ENABLE KEYS */;

-- Dumping structure for table s03r4t.surat_disposisi
DROP TABLE IF EXISTS `surat_disposisi`;
CREATE TABLE IF NOT EXISTS `surat_disposisi` (
  `id` int(10) NOT NULL COMMENT 'id table disposisi',
  `id_surat_masuk` int(10) NOT NULL COMMENT 'mengacu pada table surat masuk id_surat_masuk',
  `tahapan_disposisi` int(10) DEFAULT NULL COMMENT '1:ketua/wakil,2:panitera/sekrataris,3:kabag,4:kasubab',
  `disposisi_dari_id` int(10) DEFAULT NULL COMMENT 'pemberi disposisi (id user)',
  `disposisi_dari_text` varchar(50) DEFAULT NULL COMMENT 'Pemberi disposisi Jabatan',
  `disposisi_ke_id` int(10) DEFAULT NULL COMMENT 'penerima disposisi (id user)',
  `disposisi_ke_text` varchar(50) DEFAULT NULL COMMENT 'penerima disposisi (jabatan)',
  `tanggal_dispoisi` date DEFAULT NULL COMMENT 'tanggal disposisi',
  `isi_disposisi` varchar(50) DEFAULT NULL COMMENT 'isi disposisi',
  `created_by` int(30) DEFAULT NULL COMMENT 'Diinput Oleh: (by system)',
  `created_on` datetime DEFAULT NULL COMMENT 'Diinput Tanggal: (by system)',
  `modified_by` varchar(30) DEFAULT NULL COMMENT 'Diperbaharui oleh: (by system)',
  `modified_on` datetime DEFAULT NULL COMMENT 'Diperbaharui Tanggal: (by system)',
  PRIMARY KEY (`id`),
  KEY `FK_surat_dispoisi_surat_masuk` (`id_surat_masuk`),
  CONSTRAINT `FK_surat_dispoisi_surat_masuk` FOREIGN KEY (`id_surat_masuk`) REFERENCES `surat_masuk` (`id_surat_masuk`)
) ENGINE=InnoDB DEFAULT CHARSET=utf8;

-- Dumping data for table s03r4t.surat_disposisi: ~0 rows (approximately)
DELETE FROM `surat_disposisi`;
/*!40000 ALTER TABLE `surat_disposisi` DISABLE KEYS */;
/*!40000 ALTER TABLE `surat_disposisi` ENABLE KEYS */;

-- Dumping structure for table s03r4t.surat_keluar
DROP TABLE IF EXISTS `surat_keluar`;
CREATE TABLE IF NOT EXISTS `surat_keluar` (
  `id_surat_keluar` int(10) NOT NULL AUTO_INCREMENT COMMENT 'id surat keluar auto inc',
  `no_surat_keluar` int(10) NOT NULL COMMENT 'nomorsurat keluar',
  `jenis_surat_keluar_id` tinyint(4) NOT NULL COMMENT '1:surat keluar biasa, 2:surat internal (contoh SK)',
  `tgl_surat` date NOT NULL COMMENT 'tanggal surat masuk',
  `tujuan_id` tinyint(4) DEFAULT NULL COMMENT '1:internal,2:lain-lain',
  `tujuan_text` varchar(50) DEFAULT NULL COMMENT 'surat ditujukan kepada',
  `perihal` varchar(50) DEFAULT NULL COMMENT 'perihal surat',
  `file` varchar(50) NOT NULL COMMENT 'nama file setelah discan, autogenerate name',
  `path_file` varbinary(255) DEFAULT NULL COMMENT 'nama folder penyimpanan',
  `dikirim_via` int(11) unsigned COMMENT '1:POS,2:Expedisi Nasional, 3:Fax, 4:Email, 5:Expedisi Personal',
  `no_resi_pengiriman` varchar(50) DEFAULT NULL COMMENT 'nomor resi pengiriman',
  `tanggal_pengiriman` date DEFAULT NULL,
  `catatan_tambahan` varchar(100) DEFAULT NULL,
  `status_surat_id` int(11) NOT NULL COMMENT 'mengacu pada nama ref_tahapan_proses',
  `created_by` varchar(50) DEFAULT NULL COMMENT 'Diinput Oleh: (username)',
  `pembuat_surat_id` int(10) NOT NULL COMMENT '1:Panitera Muda Perdata, 2:Panitera Muda Pidana, 3:Panitera Muda Tipikor, 4:Panitera Mudah Hukum, 5:Kepegawaian, 6:Perencanaan, 7:Keuangan, 8:Umum;',
  `pembuat_surat_text` varchar(30) NOT NULL,
  `created_on` int(11) DEFAULT NULL COMMENT 'Diinput Tanggal: (by system)',
  `modified_by` varchar(30) DEFAULT NULL COMMENT 'Diperbaharui oleh: (username)',
  `modified_on` int(11) NOT NULL COMMENT 'Diperbaharui Tanggal: (by system)',
  PRIMARY KEY (`id_surat_keluar`),
  UNIQUE KEY `no_surat_keluar` (`no_surat_keluar`),
  KEY `FK_surat_keluar_ref_tahapan_proses` (`status_surat_id`),
  KEY `FK_surat_keluar_tbl_pengiriman` (`dikirim_via`),
  CONSTRAINT `FK_surat_keluar_ref_tahapan_proses` FOREIGN KEY (`status_surat_id`) REFERENCES `ref_tahapan_proses` (`Id`) ON UPDATE CASCADE,
  CONSTRAINT `FK_surat_keluar_tbl_pengiriman` FOREIGN KEY (`dikirim_via`) REFERENCES `tbl_pengiriman` (`id`) ON UPDATE CASCADE
) ENGINE=InnoDB AUTO_INCREMENT=2 DEFAULT CHARSET=utf8;

-- Dumping data for table s03r4t.surat_keluar: ~1 rows (approximately)
DELETE FROM `surat_keluar`;
/*!40000 ALTER TABLE `surat_keluar` DISABLE KEYS */;
INSERT INTO `surat_keluar` (`id_surat_keluar`, `no_surat_keluar`, `jenis_surat_keluar_id`, `tgl_surat`, `tujuan_id`, `tujuan_text`, `perihal`, `file`, `path_file`, `dikirim_via`, `no_resi_pengiriman`, `tanggal_pengiriman`, `catatan_tambahan`, `status_surat_id`, `created_by`, `pembuat_surat_id`, `pembuat_surat_text`, `created_on`, `modified_by`, `modified_on`) VALUES
	(1, 0, 1, '0000-00-00', 1, '', '', '', NULL, 1, '', '0000-00-00', ' ', 1, NULL, 0, '', 1493649592, NULL, 0);
/*!40000 ALTER TABLE `surat_keluar` ENABLE KEYS */;

-- Dumping structure for table s03r4t.surat_masuk
DROP TABLE IF EXISTS `surat_masuk`;
CREATE TABLE IF NOT EXISTS `surat_masuk` (
  `id_surat_masuk` int(10) NOT NULL AUTO_INCREMENT COMMENT 'id surat masuk auto inc',
  `no_lembar_disposisi` int(10) NOT NULL COMMENT 'nomor lemar disposisi',
  `tgl_masuk` date NOT NULL COMMENT 'tanggal surat masuk',
  `tujuan_id` enum('Utama','Tembusan') DEFAULT NULL COMMENT '1:utama,2:tembusan',
  `tujuan_text` varchar(50) DEFAULT NULL COMMENT 'surat ditujukan kepada',
  `pengirim` varchar(50) DEFAULT NULL COMMENT 'pengirim surat (dari)',
  `perihal` varchar(50) DEFAULT NULL COMMENT 'perihal surat',
  `file` varchar(50) NOT NULL COMMENT 'nama file setelah discan, autogenerate name',
  `status_id` int(10) DEFAULT NULL COMMENT 'mengacu pada id ref_tahapan_proses',
  `status_text` varchar(50) DEFAULT NULL COMMENT 'mengacu pada nama ref_tahapan_proses',
  `disposisi_terakhir_text` varchar(50) DEFAULT NULL COMMENT 'mengacu pada table disposisi field dipsoisi terakhir',
  `disposisi_tujuan_id` int(10) DEFAULT NULL COMMENT 'mengacu pada bagian_id pada table eselon IV',
  `catatan_tambahan` varchar(100) DEFAULT NULL,
  `created_by` varchar(50) DEFAULT NULL COMMENT 'Diinput Oleh: (by system)',
  `created_on` int(11) DEFAULT NULL COMMENT 'Diinput Tanggal: (by system)',
  `modified_by` varchar(30) DEFAULT NULL COMMENT 'Diperbaharui oleh: (by system)',
  `modified_on` datetime DEFAULT NULL COMMENT 'Diperbaharui Tanggal: (by system)',
  PRIMARY KEY (`id_surat_masuk`),
  UNIQUE KEY `no_lembar_disposisi` (`no_lembar_disposisi`),
  KEY `FK_surat_masuk_ref_tahapan_proses` (`status_id`),
  KEY `FK_surat_masuk_ref_eselon` (`disposisi_tujuan_id`),
  CONSTRAINT `FK_surat_masuk_ref_eselon` FOREIGN KEY (`disposisi_tujuan_id`) REFERENCES `ref_eselon` (`id`),
  CONSTRAINT `FK_surat_masuk_ref_tahapan_proses` FOREIGN KEY (`status_id`) REFERENCES `ref_tahapan_proses` (`Id`)
) ENGINE=InnoDB AUTO_INCREMENT=28 DEFAULT CHARSET=utf8;

-- Dumping data for table s03r4t.surat_masuk: ~14 rows (approximately)
DELETE FROM `surat_masuk`;
/*!40000 ALTER TABLE `surat_masuk` DISABLE KEYS */;
INSERT INTO `surat_masuk` (`id_surat_masuk`, `no_lembar_disposisi`, `tgl_masuk`, `tujuan_id`, `tujuan_text`, `pengirim`, `perihal`, `file`, `status_id`, `status_text`, `disposisi_terakhir_text`, `disposisi_tujuan_id`, `catatan_tambahan`, `created_by`, `created_on`, `modified_by`, `modified_on`) VALUES
	(1, 1, '2017-04-28', 'Utama', NULL, NULL, NULL, 'asfsad', 1, NULL, NULL, 5, NULL, NULL, NULL, NULL, '2017-04-28 13:35:21'),
	(3, 3, '2017-04-28', 'Utama', NULL, NULL, NULL, '', 1, NULL, NULL, 5, NULL, NULL, NULL, NULL, '2017-04-28 13:35:21'),
	(4, 4, '2017-04-28', 'Utama', NULL, NULL, NULL, '', 1, NULL, NULL, 5, NULL, NULL, NULL, NULL, '2017-04-28 13:35:21'),
	(5, 5, '2017-04-28', 'Utama', NULL, NULL, NULL, '', 1, NULL, NULL, 5, NULL, NULL, NULL, NULL, '2017-04-28 13:35:21'),
	(7, 7, '2017-04-28', 'Utama', NULL, NULL, NULL, '', 1, NULL, NULL, 5, NULL, NULL, NULL, NULL, '2017-04-28 13:35:21'),
	(8, 8, '2017-04-28', 'Utama', NULL, NULL, NULL, '', 1, NULL, NULL, 5, NULL, NULL, NULL, NULL, '2017-04-28 13:35:21'),
	(9, 9, '2017-04-28', 'Utama', NULL, NULL, NULL, '', 1, NULL, NULL, 5, NULL, NULL, NULL, NULL, '2017-04-28 13:35:21'),
	(10, 10, '2017-04-28', 'Utama', NULL, NULL, NULL, '', 1, NULL, NULL, 5, NULL, NULL, NULL, NULL, '2017-04-28 13:35:21'),
	(11, 11, '2017-04-28', 'Utama', NULL, NULL, NULL, '', 1, NULL, NULL, 5, NULL, NULL, NULL, NULL, '2017-04-28 13:35:21'),
	(12, 12, '2017-04-28', 'Utama', NULL, NULL, NULL, '', 1, NULL, NULL, 5, NULL, NULL, NULL, NULL, '2017-04-28 13:35:21'),
	(13, 13, '2017-04-28', 'Utama', NULL, NULL, NULL, '', 1, NULL, NULL, 5, NULL, NULL, NULL, NULL, '2017-04-28 13:35:21'),
	(17, 14, '2017-04-28', 'Utama', 'asdfsa', 'sdfsa', 'sadfasf', 'asfsa', 1, NULL, NULL, 7, ' asdf', 'administrator', 1493375823, 'administrator', '0000-00-00 00:00:00'),
	(18, 0, '0000-00-00', 'Utama', 'asdada', 'qweqw', 'adas', '', 1, NULL, NULL, 7, ' ', NULL, 1493649357, NULL, NULL),
	(27, 12312, '0000-00-00', 'Utama', '23', '123', '232', '', 1, NULL, NULL, 7, ' 232', 'ketua', 1493689192, NULL, NULL);
/*!40000 ALTER TABLE `surat_masuk` ENABLE KEYS */;

-- Dumping structure for table s03r4t.surat_proses
DROP TABLE IF EXISTS `surat_proses`;
CREATE TABLE IF NOT EXISTS `surat_proses` (
  `surat_id` bigint(20) unsigned NOT NULL COMMENT 'Id Perkara: merujuk ke tabel surat masuk kolom id surat masuk (by system)',
  `tahapan_id` int(11) DEFAULT NULL COMMENT 'Id Tahapan proses: merujuk ke tabel tahapan_proses kolom tahapan_id(by system',
  `tahapan_nama` varchar(50) DEFAULT NULL COMMENT 'Nama Tahapan Proses: merujuk ke tabel tahapan_proses kolom nama (by system)',
  `proses_id` int(11) unsigned NOT NULL COMMENT 'Id Proses: merujuk ke tabel proses kolom id (by system)',
  `proses_nama` varchar(100) DEFAULT NULL COMMENT 'Nama Proses : merujuk ke tabel proses kolom nama (by system)',
  `tanggal` date DEFAULT NULL COMMENT 'Tanggal Proses: (by system)',
  `keterangan` varchar(500) CHARACTER SET latin1 COLLATE latin1_general_ci DEFAULT NULL COMMENT 'Keterangan: (by system)',
  `urutan` int(11) unsigned NOT NULL COMMENT 'Urutan proses(by system)',
  `diinput_oleh` varchar(30) CHARACTER SET latin1 COLLATE latin1_general_ci DEFAULT NULL COMMENT 'Diinput Oleh: (by system)',
  `diinput_tanggal` datetime DEFAULT NULL COMMENT 'Diinput Tanggal: (by system)',
  `diperbaharui_oleh` varchar(30) CHARACTER SET latin1 COLLATE latin1_general_ci DEFAULT NULL COMMENT 'Diperbaharui Oleh: (by system)',
  `diperbaharui_tanggal` datetime DEFAULT NULL COMMENT 'Diperbaharui Tanggal: (by system)'
) ENGINE=InnoDB DEFAULT CHARSET=latin1 COMMENT='Data Riwayat Proses Perkara(generate by system)';

-- Dumping data for table s03r4t.surat_proses: ~0 rows (approximately)
DELETE FROM `surat_proses`;
/*!40000 ALTER TABLE `surat_proses` DISABLE KEYS */;
/*!40000 ALTER TABLE `surat_proses` ENABLE KEYS */;

-- Dumping structure for table s03r4t.sys_audittrail
DROP TABLE IF EXISTS `sys_audittrail`;
CREATE TABLE IF NOT EXISTS `sys_audittrail` (
  `id` bigint(20) unsigned NOT NULL AUTO_INCREMENT COMMENT 'Primary key: (by system)',
  `datetime` datetime NOT NULL COMMENT 'Waktu Aktifitas: (by system)',
  `ipaddress` varchar(15) NOT NULL DEFAULT '' COMMENT 'Alamat IP: (by system)',
  `username` varchar(30) NOT NULL DEFAULT '' COMMENT 'Username: (by system)',
  `tablename` varchar(250) NOT NULL DEFAULT '' COMMENT 'Nama Tabel: (by system)',
  `formname` varchar(250) DEFAULT '' COMMENT 'Nama Form Aplikasi: (by system)',
  `action` varchar(250) NOT NULL DEFAULT '' COMMENT 'Aktifitas: (by system)',
  `title` varchar(250) NOT NULL DEFAULT '' COMMENT 'Keterangan Aktifitas: (by system)',
  `description` longtext COMMENT 'Informasi detil Aktifitas: (by system)',
  PRIMARY KEY (`id`),
  UNIQUE KEY `id` (`id`)
) ENGINE=InnoDB DEFAULT CHARSET=latin1 COMMENT='Data Audittrail';

-- Dumping data for table s03r4t.sys_audittrail: ~0 rows (approximately)
DELETE FROM `sys_audittrail`;
/*!40000 ALTER TABLE `sys_audittrail` DISABLE KEYS */;
/*!40000 ALTER TABLE `sys_audittrail` ENABLE KEYS */;

-- Dumping structure for table s03r4t.sys_config
DROP TABLE IF EXISTS `sys_config`;
CREATE TABLE IF NOT EXISTS `sys_config` (
  `id` int(11) unsigned NOT NULL AUTO_INCREMENT COMMENT 'Primari Key',
  `category` varchar(50) NOT NULL DEFAULT 'System' COMMENT 'Kategori Konfigurasi',
  `name` varchar(50) NOT NULL DEFAULT '' COMMENT 'Nama Konfigurasi',
  `value` varchar(255) DEFAULT NULL,
  `ordering` int(11) unsigned NOT NULL DEFAULT '0' COMMENT 'Urutan',
  PRIMARY KEY (`id`),
  UNIQUE KEY `name` (`name`)
) ENGINE=InnoDB AUTO_INCREMENT=89 DEFAULT CHARSET=latin1 COMMENT='Data Konfigurasi Sistem';

-- Dumping data for table s03r4t.sys_config: ~77 rows (approximately)
DELETE FROM `sys_config`;
/*!40000 ALTER TABLE `sys_config` DISABLE KEYS */;
INSERT INTO `sys_config` (`id`, `category`, `name`, `value`, `ordering`) VALUES
	(1, 'Site', 'OfflineMessage', '<p>Situs ini sedang dalam perbaikan.<br />Silahkan periksa kembali beberapa saat lagi.</p>', 7),
	(2, 'Site', 'ContentRight', 'asdasd', 6),
	(3, 'Site', 'MetaDescription', 'Surat', 5),
	(4, 'Site', 'MetaKeyWords', 'Surat', 4),
	(5, 'Site', 'SiteName', 'Sistem Informasi Penelusuran Perkara', 2),
	(6, 'Site', 'SiteOffline', '0', 3),
	(7, 'Site', 'SiteTitle', 'Sistem Informasi Persuratan & Kearsipan', 1),
	(8, 'System', 'SessionTimeOut', '360', 1),
	(12, 'System', 'BlockSizePacket', '65536', 4),
	(13, 'System', 'TrackFailedAttempts', '1', 5),
	(14, 'System', 'MaximumFailedAttempts', '5', 6),
	(15, 'System', 'FailedAttempsTime', '15', 7),
	(16, 'System', 'AllowConcurentLogin', '1', 8),
	(17, 'System', 'OverrideSessionLogin', '1', 9),
	(18, 'System', 'EnableAuditTrail', '1', 10),
	(19, 'System', 'EnableRecordLocking', '1', 11),
	(20, 'System', 'EnableResetPassword', '1', 12),
	(21, 'System', 'UserMustChangePassword', '1', 13),
	(22, 'System', 'EnableChangePassword', '1', 14),
	(23, 'System', 'PasswordExpired', '0', 15),
	(24, 'System', 'PasswordExpiredReminder', '0', 16),
	(25, 'System', 'CountSaveOldPassword', '10', 17),
	(26, 'System', 'MaxFileUploads', '2097152', 18),
	(27, 'EMAIL', 'SMTP_Server', '127.0.0.1', 1),
	(28, 'EMAIL', 'SMTP_Port', '25', 2),
	(29, 'EMAIL', 'SMTP_User', '', 3),
	(30, 'EMAIL', 'SMTP_Password', '', 4),
	(31, 'EMAIL', 'SMTP_Email', '', 5),
	(32, 'EMAIL', 'PROXY_Server', '', 6),
	(33, 'EMAIL', 'PROXY_Gateway', '', 7),
	(34, 'EMAIL', 'PROXY_User', '', 8),
	(35, 'EMAIL', 'PROXY_Password', '', 9),
	(36, 'EMAIL', 'Email_ConfirmNewUser', '<p><strong>#FULLNAME#</strong>,</p>\r\n<p>Anda telah terdaftar sebagai user(pengguna) pada aplikasi <strong>#SITENAME#</strong> dengan alamat <strong>#SITEADDRESS#</strong> .</p>\r\n<p>Untuk mengaktifkannya silahkan kunjungi alamat <strong>#LINKACTIVATION#&lt', 10),
	(37, 'EMAIL', 'Email_ChangePassword', '<div><strong>#FULLNAME#</strong>,</div>\r\n<div>Berikut ini adalah informasi perubahan password user(pengguna) pada aplikasi <strong>#SITENAME#</strong></div>\r\n<div>Untuk login ke aplikasi silahkan kunjungi alamat #LINKLOGIN# kemudian masukan username dan p', 11),
	(38, 'Site', 'SiteAddress', 'http://server/cts', 8),
	(39, 'EMAIL', 'Email_InfoLogin', '<div><strong>#FULLNAME#</strong>,</div>\r\n<div>Anda telah berhasil melakukan aktivasi sebagai user(pengguna) pada aplikasi <strong>#SITENAME#</strong></div>\r\n<div>Untuk login ke aplikasi silahkan kunjungi alamat <strong>#SITEADDRESS#</strong> kemudian masu', 12),
	(40, 'EMAIL', 'Email_BlockUser', '<div><strong>#FULLNAME#</strong>,</div>\r\n<div>User anda pada aplikasi <strong>#SITENAME#</strong> dengan username <strong>#USERNAME#</strong> telah dinonaktifkan oleh Administrator&nbsp;</div>\r\n<div>Email ini hanya pemberitahuan, Anda tidak perlu membalas', 13),
	(41, 'EMAIL', 'Email_UnBlockUser', '<div><strong>#FULLNAME#</strong>,</div>\r\n<div>User Anda pada aplikasi <strong>#SITENAME#</strong> telah diaktifkan kembali.</div>\r\n<div>Untuk login ke aplikasi silahkan kunjungi alamat <strong>#LINKLOGIN#</strong> kemudian masukan username dan password di', 14),
	(42, 'EMAIL', 'Email_ForgotPassword', '<p><strong>#FULLNAME#</strong>,<br />Anda/orang lain telah&nbsp; meminta password Anda apada aplikasi <strong>#SITENAME#</strong> yang dikirim kepada Anda melalui<br />email. Untuk alasan keamanan, kami telah menciptakan sebuah sandi acak yang baru<br />u', 15),
	(43, 'EMAIL', 'Email_InfoNewUser', '<div><strong>#FULLNAME#</strong>,</div>\r\n<div>Anda telah terdaftar sebagai user(pengguna) pada aplikasi <strong>#SITENAME#</strong> dengan alamat <strong>#SITEADDRESS#</strong> .</div>\r\n<div>Untuk login ke aplikasi silahkan kunjungi alamat <strong>#LINKLO', 16),
	(48, 'System', 'MaxBannerUpload', '256000', 19),
	(49, 'System', 'MaxPhotoUpload', '1048576', 20),
	(50, 'LCD', 'ToleranceOnTime', '15', 21),
	(51, 'LCD', 'FIDSAutoRefresh', '30', 22),
	(52, 'LCD', 'WebAutoRefresh', '15', 0),
	(53, 'LCD', 'PathSynchronization', 'C:\\Sinkronisasi\\CTS2_PN', 23),
	(54, 'LCD', 'BannerAutoRefresh', '300', 24),
	(55, 'LCD', 'NewsAutoRefresh', '120', 25),
	(57, 'LCD', 'NewsRunningTextSpeed', '3', 26),
	(58, 'LCD', 'PathSJA', 'C:\\Program Files\\SQLyog\\SJA.exe', 27),
	(61, 'Site', 'KodePN', 'PBR', 22),
	(62, 'Site', 'NamaPN', 'PENGADILAN TINGGI PEKANBARU', 23),
	(63, 'Site', 'AlamatPN', 'Jalan Jend. Sudirman No. 315, Pekanbaru, Riau, Telp (0761) 21523 Fax. 21523', 24),
	(64, 'Site', 'KetuaPNNama', 'I PUTU WIDNYA,SH.,MH.', 25),
	(65, 'Site', 'KetuaPNNIP', '195004121979111', 26),
	(66, 'Site', 'WakilKetuaPNNama', 'SYAFRULLAH SUMAR,SH,MH', 27),
	(67, 'Site', 'WakilKetuaPNNIP', '195402211984031003', 28),
	(68, 'Site', 'PanSekNama', 'Hj. MERI ULFA,SH,MH.', 29),
	(69, 'Site', 'PanSekNIP', '195703011985032', 30),
	(70, 'Site', 'WaPanNama', 'xxxxx', 31),
	(71, 'Site', 'WaPanNIP', '195402211984031003', 32),
	(72, 'Site', 'WaSekNama', 'MAIYEFI, SE,M.SI.', 33),
	(73, 'Site', 'WaSekNIP', '196105051983032', 34),
	(74, 'LCD', 'LCDAutoRefresh', '0', 28),
	(75, 'Site', 'ZonaWaktu', 'WIB/WIT/WITA', 35),
	(76, 'Site', 'NamaPT', 'PENGADILAN TINGGI PEKANBARU', 36),
	(77, 'Site', 'AlamatPT', 'Jalan Jend. Sudirman No. 315, Pekanbaru, Riau, Telp (0761) 21523 Fax. 21523', 37),
	(78, 'Site', 'UmurDewasa', '17', 38),
	(80, 'system', 'app_version', '3.1.3', 21),
	(81, 'site', 'IDPN', '0', 0),
	(82, 'site', 'kode_satker', NULL, 0),
	(83, 'System', 'jenis_pengadilan', '5', 0),
	(84, 'Site', 'PangkatKetua', '', 0),
	(85, 'System', 'pangkat_wakil_ketua', '', 0),
	(86, 'System', 'pangkat_panitera', '', 0),
	(87, 'System', 'pangkat_wakil_panitera', '', 0),
	(88, 'Site', 'IDBanding', '4', 0);
/*!40000 ALTER TABLE `sys_config` ENABLE KEYS */;

-- Dumping structure for table s03r4t.sys_forms
DROP TABLE IF EXISTS `sys_forms`;
CREATE TABLE IF NOT EXISTS `sys_forms` (
  `name` varchar(150) NOT NULL DEFAULT '' COMMENT 'Nama Form Aplikasi',
  `description` varchar(255) DEFAULT NULL COMMENT 'Keterangan',
  PRIMARY KEY (`name`)
) ENGINE=InnoDB DEFAULT CHARSET=latin1 COMMENT='Data form aplikasi';

-- Dumping data for table s03r4t.sys_forms: ~0 rows (approximately)
DELETE FROM `sys_forms`;
/*!40000 ALTER TABLE `sys_forms` DISABLE KEYS */;
/*!40000 ALTER TABLE `sys_forms` ENABLE KEYS */;

-- Dumping structure for table s03r4t.sys_groups
DROP TABLE IF EXISTS `sys_groups`;
CREATE TABLE IF NOT EXISTS `sys_groups` (
  `id` int(11) NOT NULL COMMENT 'Primary Key: (by system)',
  `parent_id` int(11) DEFAULT NULL COMMENT 'Grup induk: merujuk ke tabel sys_groups kolom groupid',
  `level` tinyint(1) unsigned NOT NULL DEFAULT '0' COMMENT 'Level tree (by system)',
  `lft` int(11) NOT NULL DEFAULT '0' COMMENT 'Nested set left:(by system)',
  `rgt` int(11) NOT NULL DEFAULT '0' COMMENT 'Nested set right:(by system)',
  `name` varchar(100) NOT NULL DEFAULT '' COMMENT 'Nama Grup: isian bebas',
  `description` varchar(255) NOT NULL DEFAULT '' COMMENT 'Keterangan: isian bebas',
  `enable` tinyint(1) NOT NULL DEFAULT '1' COMMENT 'Aktif: pilihan 1=Ya; 0=Tidak',
  `ordering` int(11) unsigned NOT NULL DEFAULT '0' COMMENT 'Urutan Grup Per Induknya',
  `lock_by` varchar(30) NOT NULL DEFAULT '' COMMENT 'Diedit Oleh: (by system)',
  `lock_on` datetime DEFAULT NULL COMMENT 'Diedit Tanggal: (by system)',
  `created_by` varchar(30) DEFAULT NULL COMMENT 'Diinput Oleh: (by system)',
  `created_on` datetime DEFAULT NULL COMMENT 'Diinput Tanggal: (by system)',
  `modified_by` varchar(30) DEFAULT NULL COMMENT 'Diperbaharui Oleh: (by system)',
  `modified_on` datetime DEFAULT NULL COMMENT 'Diperbaharui Tanggal: (by system)',
  PRIMARY KEY (`id`),
  UNIQUE KEY `idx_groups_parent_title_lookup` (`parent_id`,`name`),
  KEY `idx_groups_title_lookup` (`name`),
  KEY `idx_groups_adjacency_lookup` (`parent_id`),
  KEY `level` (`level`),
  KEY `ordering` (`ordering`),
  KEY `idx_groups_nested_set_lookup` (`lft`,`rgt`)
) ENGINE=InnoDB DEFAULT CHARSET=latin1 COMMENT='Data Grup User aplikasi';

-- Dumping data for table s03r4t.sys_groups: ~23 rows (approximately)
DELETE FROM `sys_groups`;
/*!40000 ALTER TABLE `sys_groups` DISABLE KEYS */;
INSERT INTO `sys_groups` (`id`, `parent_id`, `level`, `lft`, `rgt`, `name`, `description`, `enable`, `ordering`, `lock_by`, `lock_on`, `created_by`, `created_on`, `modified_by`, `modified_on`) VALUES
	(-1, NULL, 0, 1, 94, 'Root', 'Root', 1, 1, '', NULL, NULL, NULL, NULL, NULL),
	(1, -1, 1, 2, 93, 'Super Administrator', 'Super Administrator', 1, 1, 'system', '2013-02-08 11:02:03', '', NULL, 'admin', '2012-11-13 12:44:56'),
	(2, 1, 2, 3, 92, 'Administrator', 'Administrator', 1, 1, 'admin', '2015-11-09 06:43:40', NULL, NULL, 'admin', '2015-10-22 09:07:14'),
	(10, 2, 3, 4, 91, 'Ketua/Wakil Ketua Pengadilan Tinggi', 'Ketua/Wakil Ketua Pengadilan Tinggi', 1, 1, '', NULL, NULL, NULL, 'system', '2015-12-16 05:57:00'),
	(20, 10, 4, 5, 6, 'Hakim', 'Hakim', 1, 1, 'taufik', '2012-12-20 04:42:55', 'system', '2012-03-09 01:16:47', 'system', '2012-11-15 16:13:24'),
	(30, 10, 4, 7, 90, 'Panitera', 'Panitera ', 1, 2, '', NULL, 'system', '2012-03-09 01:17:18', 'system', '2012-11-24 11:47:00'),
	(40, 10, 4, 10, 100, 'Sekretaris', 'Sekretaris Pengadilan Tinggi Pekanbaru', 1, 0, 'system', NULL, 'system', '2017-04-03 09:36:12', NULL, NULL),
	(50, 10, 4, 10, 101, 'Kabag Perencanaan Dan Kepegawaian', 'Kepala Bagian Perencanaan Dan Kepegawaian', 1, 0, '', NULL, NULL, NULL, NULL, NULL),
	(60, 10, 4, 10, 102, 'Kabag Umum Dan Keuangan', 'Kepala Bagian Umum Dan Keuangan', 1, 0, '', NULL, NULL, NULL, NULL, NULL),
	(70, 10, 4, 10, 103, 'Kepala Sub Bagian Rencana Program Dan Anggaran', 'Kepala Sub Bagian Rencana Program Dan Anggaran', 1, 0, '', NULL, NULL, NULL, NULL, NULL),
	(80, 10, 4, 10, 104, 'Kasubbab Kepegawaian Dan Teknologi Informasi', 'Kepala Sub Bagian Kepegawaian Dan Teknologi Informasi', 1, 0, '', NULL, NULL, NULL, NULL, NULL),
	(90, 10, 4, 10, 105, 'Kasubbag Tatausaha Dan Rumah Tangga', 'Kasubbag Tatausaha Dan Rumah Tangga', 1, 0, '', NULL, NULL, NULL, NULL, NULL),
	(100, 10, 4, 10, 106, 'Kasubbag Keuangan Dan Pelaporan', 'Kasubbag Keuangan Dan Pelaporan', 1, 0, '', NULL, NULL, NULL, NULL, NULL),
	(110, 30, 5, 8, 17, 'Panitera Muda Perdata', 'Panitera Muda Perdata', 1, 1, 'admin', '2012-11-16 17:49:15', 'system', '2012-03-09 01:17:29', 'system', '2012-11-15 20:05:04'),
	(111, 410, 6, 9, 10, 'Staf Panitera Perdata', 'Staf Panitera Perdata', 1, 1, '', NULL, 'admin', '2012-07-11 14:58:44', 'system', '2012-11-15 20:42:50'),
	(120, 30, 5, 18, 25, 'Panitera Muda Pidana', 'Panitera Muda Pidana', 1, 2, '', NULL, 'system', '2012-03-09 01:17:41', 'system', '2012-11-15 20:06:19'),
	(121, 420, 6, 19, 20, 'Staf Panitera Pidana', 'Staf Panitera Pidana', 1, 1, '', NULL, 'admin', '2012-07-11 14:59:25', 'admin', '2012-11-15 20:08:27'),
	(130, 30, 5, 26, 29, 'Panitera Muda Hukum', 'Panitera Muda Hukum', 1, 3, '', NULL, 'system', '2012-03-09 01:18:29', 'system', '2012-11-15 20:13:10'),
	(131, 430, 6, 27, 28, 'Staf Panitera Hukum', 'Staf Panitera Hukum', 1, 1, '', NULL, 'system', '2012-07-11 15:04:20', 'system', '2012-11-15 19:33:04'),
	(140, 30, 5, 46, 53, 'Panitera Muda Pidana Khusus Tipikor', 'Panitera Muda Pidana Khusus Tipikor', 1, 6, '', NULL, 'system', '2012-06-03 20:46:16', 'admin', '2012-11-15 20:41:49'),
	(141, 460, 6, 47, 48, 'Staf Panitera Pidana Khusus Tipikor', 'Staf Panitera Pidana Khusus Tipikor', 1, 1, '', NULL, 'system', '2012-07-11 15:07:00', 'system', '2012-11-15 20:41:17'),
	(150, 30, 5, 70, 71, 'Panitera Pengganti', 'Panitera Pengganti', 1, 9, 'admin', '2015-10-26 07:52:18', 'system', '2012-07-11 15:08:09', 'system', '2015-07-07 08:46:14'),
	(200, 800, 6, 83, 84, 'Informasi', 'Meja Informasi', 1, 2, '', NULL, 'system', '2012-08-30 10:03:28', '', '2012-09-05 18:32:05');
/*!40000 ALTER TABLE `sys_groups` ENABLE KEYS */;

-- Dumping structure for table s03r4t.sys_menu
DROP TABLE IF EXISTS `sys_menu`;
CREATE TABLE IF NOT EXISTS `sys_menu` (
  `id` int(11) NOT NULL AUTO_INCREMENT,
  `title` varchar(50) DEFAULT NULL,
  `link_type` varchar(50) DEFAULT NULL,
  `page_id` int(11) DEFAULT '0',
  `module_name` varchar(50) DEFAULT NULL,
  `url` varchar(50) DEFAULT NULL,
  `uri` varchar(50) DEFAULT NULL,
  `dyn_group_id` int(11) DEFAULT '0',
  `position` int(11) DEFAULT NULL,
  `target` varchar(50) DEFAULT NULL,
  `parent_id` int(11) DEFAULT '0',
  `is_parent` tinyint(1) DEFAULT '0',
  `show_menu` enum('0','1') DEFAULT '1',
  `fa_icon` varchar(50) DEFAULT NULL,
  PRIMARY KEY (`id`),
  KEY `dyn_group_id` (`dyn_group_id`)
) ENGINE=InnoDB AUTO_INCREMENT=17 DEFAULT CHARSET=latin1;

-- Dumping data for table s03r4t.sys_menu: ~16 rows (approximately)
DELETE FROM `sys_menu`;
/*!40000 ALTER TABLE `sys_menu` DISABLE KEYS */;
INSERT INTO `sys_menu` (`id`, `title`, `link_type`, `page_id`, `module_name`, `url`, `uri`, `dyn_group_id`, `position`, `target`, `parent_id`, `is_parent`, `show_menu`, `fa_icon`) VALUES
	(1, 'Category 1', 'page', 1, '', 'http://www.category1.com', '', 1, 0, '', 0, 1, '1', NULL),
	(2, 'Category 1  1', 'page', 2, '', 'http://www.category11.com', '', 1, 0, '', 1, 0, '1', NULL),
	(3, 'Category 1  2', 'page', 3, '', 'http://www.category12.com', '', 1, 0, '', 1, 1, '1', NULL),
	(4, 'Category 1  2  1', 'page', 4, '', 'http://www.category121.com', '', 1, 0, '', 3, 0, '1', NULL),
	(5, 'Category 1  2  2', 'page', 5, '', 'http://www.category122.com', '', 1, 0, '', 3, 1, '1', NULL),
	(6, 'Category 1  2  2  1', 'page', 6, '', 'http://www.category1221.com', '', 1, 0, '', 5, 0, '1', NULL),
	(7, 'Category 1  2  2  2', 'page', 7, '', 'http://www.category1222.com', '', 1, 0, '', 5, 0, '1', NULL),
	(8, 'Category 2', 'page', 8, '', 'http://www.category2.com', '', 1, 0, '', 0, 0, '1', NULL),
	(9, 'Category 3', 'page', 9, '', 'http://www.category3.com', '', 1, 0, '', 0, 1, '1', NULL),
	(10, 'Category 3  1', 'page', 10, '', 'http://www.category31.com', '', 1, 0, '', 9, 0, '1', NULL),
	(11, 'Category 3  2', 'page', 11, '', 'http://www.category32.com', '', 1, 0, '', 9, 0, '1', NULL),
	(12, 'Category 3  3', 'page', 12, '', 'http://www.category33.com', '', 1, 0, '', 9, 0, '1', NULL),
	(13, 'Category 3  4', 'page', 13, '', 'http://www.category34.com', '', 1, 0, '', 9, 0, '1', NULL),
	(14, 'Category 3  5', 'page', 14, '', 'http://www.category35.com', '', 1, 0, '', 9, 0, '1', NULL),
	(15, 'Category 3  6', 'page', 15, '', 'http://www.category36.com', '', 1, 0, '', 9, 0, '1', NULL),
	(16, 'Category 4', 'page', 16, '', 'http://www.category4.com', '', 1, 0, '', 0, 0, '1', NULL);
/*!40000 ALTER TABLE `sys_menu` ENABLE KEYS */;

-- Dumping structure for table s03r4t.sys_menus
DROP TABLE IF EXISTS `sys_menus`;
CREATE TABLE IF NOT EXISTS `sys_menus` (
  `id` int(11) unsigned NOT NULL COMMENT 'Primary Key: (by system)',
  `menutype` varchar(24) CHARACTER SET utf8 NOT NULL DEFAULT '' COMMENT 'Type Menu: merujuk ke tabel sys_menu_type kolom menutype',
  `parent_id` int(11) unsigned DEFAULT NULL COMMENT 'Induk Menu: merujuk ke tabel sys_menus kolom id (tree)',
  `level` int(10) unsigned NOT NULL DEFAULT '0' COMMENT 'Level: (by system)',
  `lft` int(11) NOT NULL DEFAULT '0' COMMENT 'Nested set lft: (by system)',
  `rgt` int(11) NOT NULL DEFAULT '0' COMMENT 'Nested set rgt: (by system)',
  `title` varchar(255) CHARACTER SET utf8 NOT NULL DEFAULT '' COMMENT 'Judul Menu: isian text bebas',
  `language` varchar(50) CHARACTER SET utf8 DEFAULT NULL COMMENT 'Bahasa: (by system)',
  `link` varchar(1024) CHARACTER SET utf8 NOT NULL DEFAULT '' COMMENT 'Link: isian bebas',
  `ordering` int(11) NOT NULL DEFAULT '0' COMMENT 'The relative ordering of the menu item in the tree.',
  `params` text CHARACTER SET utf8 NOT NULL COMMENT 'JSON encoded data for the menu item.',
  `target` varchar(16) CHARACTER SET utf8 NOT NULL DEFAULT '' COMMENT 'The type of link: Component, URL, Alias, Separator',
  `published` tinyint(1) NOT NULL DEFAULT '0' COMMENT 'The published state of the menu link.',
  `access` varchar(50) CHARACTER SET utf8 DEFAULT NULL COMMENT 'The access level required to view the menu item.',
  `img` varchar(255) CHARACTER SET utf8 NOT NULL DEFAULT '' COMMENT 'The image of the menu item.',
  `home` tinyint(3) unsigned NOT NULL DEFAULT '0' COMMENT 'Indicates if this menu item is the home or default page.',
  `lock_by` varchar(30) CHARACTER SET utf8 DEFAULT NULL COMMENT 'Diedit Oleh: (by system)',
  `lock_on` datetime DEFAULT NULL COMMENT 'Diedit Tanggal: (by system)',
  `created_by` varchar(30) CHARACTER SET utf8 DEFAULT NULL COMMENT 'Diinput Oleh: (by system)',
  `created_on` datetime DEFAULT NULL COMMENT 'Diinput Tanggal: (by system)',
  `modified_by` varchar(30) CHARACTER SET utf8 DEFAULT NULL COMMENT 'Diperbaharui Oleh: (by system)',
  `modified_on` datetime DEFAULT NULL COMMENT 'Diperbaharui Tanggal: (by system)',
  PRIMARY KEY (`id`),
  UNIQUE KEY `parent_id` (`parent_id`,`title`),
  KEY `menutype` (`menutype`),
  KEY `parent_id_2` (`parent_id`),
  KEY `level` (`level`),
  KEY `lft` (`lft`),
  KEY `rgt` (`rgt`),
  KEY `ordering` (`ordering`),
  KEY `published` (`published`),
  KEY `idx_menus_nested_set_lookup` (`lft`,`rgt`),
  CONSTRAINT `sys_menus_fk1` FOREIGN KEY (`parent_id`) REFERENCES `sys_menus` (`id`)
) ENGINE=InnoDB DEFAULT CHARSET=latin1 AVG_ROW_LENGTH=378 COMMENT='Data Menu Aplikasi';

-- Dumping data for table s03r4t.sys_menus: ~12 rows (approximately)
DELETE FROM `sys_menus`;
/*!40000 ALTER TABLE `sys_menus` DISABLE KEYS */;
INSERT INTO `sys_menus` (`id`, `menutype`, `parent_id`, `level`, `lft`, `rgt`, `title`, `language`, `link`, `ordering`, `params`, `target`, `published`, `access`, `img`, `home`, `lock_by`, `lock_on`, `created_by`, `created_on`, `modified_by`, `modified_on`) VALUES
	(1, '', NULL, 0, 0, 0, 'Dashboard', NULL, 'dashboard', 1, '', '', 0, NULL, 'fa fa-home', 0, NULL, NULL, NULL, NULL, NULL, NULL),
	(20, '', NULL, 0, 0, 0, 'Surat Masuk', NULL, '#', 2, '', '', 0, '2, 10, 30, 40', 'fa fa-envelope', 0, NULL, NULL, NULL, NULL, NULL, NULL),
	(21, '', 20, 1, 0, 0, 'Data Surat Masuk', NULL, 'surat_masuk/', 1, '', '', 0, NULL, '', 0, NULL, NULL, NULL, NULL, NULL, NULL),
	(22, '', 20, 1, 0, 0, 'Tambah Surat Masuk', NULL, 'surat_masuk/tambah', 2, '', '', 0, NULL, '', 0, NULL, NULL, NULL, NULL, NULL, NULL),
	(30, '', NULL, 0, 0, 0, 'Surat Keluar', NULL, '#', 3, '', '', 0, NULL, 'fa fa-envelope-o', 0, NULL, NULL, NULL, NULL, NULL, NULL),
	(31, '', 30, 1, 0, 0, 'Data Surat Keluar', NULL, 'surat_keluar/', 1, '', '', 0, NULL, '', 0, NULL, NULL, NULL, NULL, NULL, NULL),
	(32, '', 30, 1, 0, 0, 'Tambah Surat Keluar', NULL, 'surat_keluar/tambah', 2, '', '', 0, NULL, '', 0, NULL, NULL, NULL, NULL, NULL, NULL),
	(40, '', NULL, 0, 0, 0, 'Disposisi', NULL, '', 4, '', '', 0, NULL, 'fa fa-exchange', 0, NULL, NULL, NULL, NULL, NULL, NULL),
	(41, '', 40, 1, 0, 0, 'Data Disposisi', NULL, 'disposisi/', 1, '', '', 0, NULL, '', 0, NULL, NULL, NULL, NULL, NULL, NULL),
	(50, '', NULL, 0, 0, 0, 'Arsip', NULL, '#', 5, '', '', 0, NULL, 'fa fa-book', 0, NULL, NULL, NULL, NULL, NULL, NULL),
	(51, '', 50, 1, 0, 0, 'Data Arsip', NULL, 'arsip', 1, '', '', 0, NULL, '', 0, NULL, NULL, NULL, NULL, NULL, NULL),
	(60, '', NULL, 0, 0, 0, 'Profile', NULL, '', 0, '', '', 1, NULL, '', 0, NULL, NULL, NULL, NULL, NULL, NULL);
/*!40000 ALTER TABLE `sys_menus` ENABLE KEYS */;

-- Dumping structure for table s03r4t.sys_pesan
DROP TABLE IF EXISTS `sys_pesan`;
CREATE TABLE IF NOT EXISTS `sys_pesan` (
  `id` bigint(20) unsigned NOT NULL AUTO_INCREMENT,
  `parent_id` bigint(20) unsigned DEFAULT NULL,
  `dari_userid` int(11) DEFAULT NULL,
  `ke_userid` varchar(1000) DEFAULT NULL,
  `subjek` varchar(250) DEFAULT NULL,
  `isi_pesan` text,
  `tanggal_kirim` datetime DEFAULT NULL,
  `status` int(11) DEFAULT NULL COMMENT 'Satatus Pesan : -1: Hapus, 0=Draft,1=Kirim',
  `diinput_oleh` varchar(30) DEFAULT NULL,
  `diinput_tanggal` datetime DEFAULT NULL,
  `diperbaharui_tanggal` datetime DEFAULT NULL,
  `diperbaharui_oleh` varchar(30) DEFAULT NULL,
  PRIMARY KEY (`id`),
  KEY `dari_userid` (`dari_userid`),
  KEY `tanggal_kirim` (`tanggal_kirim`),
  KEY `status` (`status`)
) ENGINE=InnoDB DEFAULT CHARSET=latin1;

-- Dumping data for table s03r4t.sys_pesan: ~0 rows (approximately)
DELETE FROM `sys_pesan`;
/*!40000 ALTER TABLE `sys_pesan` DISABLE KEYS */;
/*!40000 ALTER TABLE `sys_pesan` ENABLE KEYS */;

-- Dumping structure for table s03r4t.sys_users
DROP TABLE IF EXISTS `sys_users`;
CREATE TABLE IF NOT EXISTS `sys_users` (
  `id` int(11) NOT NULL AUTO_INCREMENT COMMENT 'UserId: (by system)',
  `username` varchar(30) NOT NULL DEFAULT '' COMMENT 'Nama User: isian bebas',
  `ip_address` varchar(45) NOT NULL,
  `salt` varchar(255) NOT NULL DEFAULT '',
  `password` varchar(100) NOT NULL DEFAULT '' COMMENT 'Password: sudah di-encript',
  `old_password` varchar(400) NOT NULL DEFAULT '' COMMENT 'Password Lama: menggunakan separator semicolon (by system)',
  `full_name` varchar(50) DEFAULT NULL,
  `first_name` varchar(30) NOT NULL DEFAULT '',
  `last_name` varchar(30) NOT NULL DEFAULT '',
  `remember_code` varchar(40) NOT NULL,
  `email` varchar(100) NOT NULL DEFAULT '' COMMENT 'Alamat Email: format email',
  `alternative_email` varchar(100) NOT NULL DEFAULT '',
  `allow_concurrent_login` tinyint(1) NOT NULL DEFAULT '-1' COMMENT 'Diperbolehkan Login Bersamaan: Pilihan (-1=global; 0=single login 1=multiple login)',
  `has_change_password` tinyint(1) NOT NULL DEFAULT '0' COMMENT 'Sudah Ganti Password: 0=belum 1=sudah (by system)',
  `enable_change_password` tinyint(1) NOT NULL DEFAULT '1' COMMENT 'Diperbolehkan Ganti Password: pilihan 0=Tidak; 1=Ya',
  `last_change_password` int(11) DEFAULT NULL COMMENT 'Waktu Terakhir Ganti Password: (by system)',
  `attemp_count` int(11) DEFAULT NULL,
  `attemp_time` int(11) DEFAULT NULL,
  `block` tinyint(4) DEFAULT NULL,
  `password_expired_remainder` int(11) NOT NULL DEFAULT '-1' COMMENT 'Pengingat Password Kadaluarsa: Pilihan \r\n(-1=ikut ke global konfigurasi)',
  `user_expired` datetime DEFAULT NULL COMMENT 'Waktu Kadaluarsa User: isian tanggal',
  `forgotten_password_code` varchar(40) DEFAULT NULL,
  `last_login` int(11) DEFAULT NULL COMMENT 'Tanggal Terakhir Login: (by system)',
  `activation_code` varchar(40) DEFAULT NULL COMMENT 'kode aktivasi',
  `active` tinytext NOT NULL,
  `phone` varchar(20) DEFAULT NULL,
  `forgotten_password_time` int(11) DEFAULT NULL,
  `company` varchar(100) DEFAULT NULL,
  `params` text NOT NULL COMMENT 'parameter lain',
  `lock_by` varchar(30) NOT NULL DEFAULT '' COMMENT 'Diedit Oleh: (by system)',
  `lock_on` int(11) DEFAULT NULL COMMENT 'Diedit Tanggal: (by system)',
  `created_by` varchar(30) DEFAULT NULL COMMENT 'Diinput Oleh: (by system)',
  `created_on` int(11) DEFAULT NULL COMMENT 'Diinput Tanggal: (by system)',
  `modified_by` varchar(30) DEFAULT NULL COMMENT 'Diperbaharui oleh: (by system)',
  `modified_on` int(11) DEFAULT NULL COMMENT 'Diperbaharui Tanggal: (by system)',
  PRIMARY KEY (`id`),
  UNIQUE KEY `username` (`username`)
) ENGINE=InnoDB AUTO_INCREMENT=12 DEFAULT CHARSET=latin1 AVG_ROW_LENGTH=372 COMMENT='Data User';

-- Dumping data for table s03r4t.sys_users: ~4 rows (approximately)
DELETE FROM `sys_users`;
/*!40000 ALTER TABLE `sys_users` DISABLE KEYS */;
INSERT INTO `sys_users` (`id`, `username`, `ip_address`, `salt`, `password`, `old_password`, `full_name`, `first_name`, `last_name`, `remember_code`, `email`, `alternative_email`, `allow_concurrent_login`, `has_change_password`, `enable_change_password`, `last_change_password`, `attemp_count`, `attemp_time`, `block`, `password_expired_remainder`, `user_expired`, `forgotten_password_code`, `last_login`, `activation_code`, `active`, `phone`, `forgotten_password_time`, `company`, `params`, `lock_by`, `lock_on`, `created_by`, `created_on`, `modified_by`, `modified_on`) VALUES
	(1, 'administrator', '127.0.0.1', '', '$2a$07$SeBknntpZror9uyftVopmu61qg0ms8Qv1yV6FG.kQOSM.9QhmTo36', '', NULL, 'Admin', 'istrator', '', 'admin@admin.com', '', -1, 0, 0, NULL, NULL, NULL, NULL, 0, '1970-01-01 00:00:00', NULL, 1493703317, NULL, '1', '3232', NULL, NULL, '', '', NULL, NULL, NULL, NULL, NULL),
	(2, 'ketua', '::1', '', '$2a$07$SeBknntpZror9uyftVopmu61qg0ms8Qv1yV6FG.kQOSM.9QhmTo36', '', NULL, 'cece', 'cece', '', 'cece@cece.com', '', -1, 0, 0, NULL, NULL, NULL, NULL, 0, '1970-01-01 00:00:00', NULL, 1493683614, NULL, '1', '12', NULL, 'cece', '', '', NULL, NULL, 0, NULL, NULL),
	(3, 'kabag', '::1', '', '$2a$07$SeBknntpZror9uyftVopmu61qg0ms8Qv1yV6FG.kQOSM.9QhmTo36', '', NULL, '', '', '', '', '', -1, 0, 1, NULL, NULL, NULL, NULL, -1, NULL, NULL, 1493564810, NULL, '1', NULL, NULL, NULL, '', '', NULL, NULL, NULL, NULL, NULL),
	(11, 'panitera', '::1', '', '$2a$07$SeBknntpZror9uyftVopmu61qg0ms8Qv1yV6FG.kQOSM.9QhmTo36', '', NULL, 'a@a.com', 'a@a.com', '', 'a@a.com', '', 1, 0, 1, NULL, NULL, NULL, NULL, -1, '2017-01-01 00:00:00', NULL, NULL, NULL, '1', '00000', NULL, NULL, '', '', NULL, NULL, 1492242080, NULL, NULL);
/*!40000 ALTER TABLE `sys_users` ENABLE KEYS */;

-- Dumping structure for table s03r4t.sys_user_group
DROP TABLE IF EXISTS `sys_user_group`;
CREATE TABLE IF NOT EXISTS `sys_user_group` (
  `id` int(11) NOT NULL AUTO_INCREMENT,
  `user_id` int(11) NOT NULL DEFAULT '0' COMMENT 'UserId: merujuk ke tabel sys_users kolom userid',
  `group_id` int(11) NOT NULL DEFAULT '0' COMMENT 'Foreign Key to groups.groupid',
  PRIMARY KEY (`id`),
  UNIQUE KEY `sys_user_group_unique` (`user_id`,`group_id`),
  KEY `sys_user_group_userid` (`user_id`),
  KEY `sys_user_group_group_id` (`group_id`),
  CONSTRAINT `sys_user_group_group_id` FOREIGN KEY (`group_id`) REFERENCES `sys_groups` (`id`) ON DELETE CASCADE ON UPDATE CASCADE,
  CONSTRAINT `sys_user_group_user_id` FOREIGN KEY (`user_id`) REFERENCES `sys_users` (`id`) ON DELETE CASCADE ON UPDATE CASCADE
) ENGINE=InnoDB AUTO_INCREMENT=63 DEFAULT CHARSET=latin1 COMMENT='Data Hubungan User Dengan Grup';

-- Dumping data for table s03r4t.sys_user_group: ~5 rows (approximately)
DELETE FROM `sys_user_group`;
/*!40000 ALTER TABLE `sys_user_group` DISABLE KEYS */;
INSERT INTO `sys_user_group` (`id`, `user_id`, `group_id`) VALUES
	(59, 1, 2),
	(60, 1, 20),
	(58, 2, 10),
	(62, 3, 50),
	(37, 11, 30);
/*!40000 ALTER TABLE `sys_user_group` ENABLE KEYS */;

-- Dumping structure for table s03r4t.sys_user_online
DROP TABLE IF EXISTS `sys_user_online`;
CREATE TABLE IF NOT EXISTS `sys_user_online` (
  `session_id` char(32) NOT NULL DEFAULT '' COMMENT 'SessionId (by system)',
  `userid` int(11) NOT NULL COMMENT 'UserId: merujuk ke tabel sys_users ke kolom userid (by system)',
  `host_address` varchar(50) NOT NULL DEFAULT '' COMMENT 'Alamat IP (by system)',
  `login_time` timestamp NULL DEFAULT CURRENT_TIMESTAMP COMMENT 'Waktu login (by system)',
  `user_agent` varchar(255) NOT NULL DEFAULT '' COMMENT 'Jenis browser (by system)',
  `uri` varchar(1024) NOT NULL DEFAULT '' COMMENT 'Alamat URL (by system)',
  `current_page` varchar(50) NOT NULL DEFAULT '' COMMENT 'Halaman saat ini (by system)',
  `last_visit` datetime DEFAULT NULL COMMENT 'Terakhir Berkunjung (by system)',
  `data` text COMMENT 'Data Lain (by system)',
  PRIMARY KEY (`session_id`)
) ENGINE=InnoDB DEFAULT CHARSET=latin1 COMMENT='Data User Yang Sedang Online';

-- Dumping data for table s03r4t.sys_user_online: ~0 rows (approximately)
DELETE FROM `sys_user_online`;
/*!40000 ALTER TABLE `sys_user_online` DISABLE KEYS */;
/*!40000 ALTER TABLE `sys_user_online` ENABLE KEYS */;

-- Dumping structure for table s03r4t.tbl_pengiriman
DROP TABLE IF EXISTS `tbl_pengiriman`;
CREATE TABLE IF NOT EXISTS `tbl_pengiriman` (
  `id` int(10) unsigned NOT NULL AUTO_INCREMENT,
  `nama_pengiriman` varchar(50) DEFAULT NULL,
  PRIMARY KEY (`id`)
) ENGINE=InnoDB AUTO_INCREMENT=6 DEFAULT CHARSET=latin1;

-- Dumping data for table s03r4t.tbl_pengiriman: ~5 rows (approximately)
DELETE FROM `tbl_pengiriman`;
/*!40000 ALTER TABLE `tbl_pengiriman` DISABLE KEYS */;
INSERT INTO `tbl_pengiriman` (`id`, `nama_pengiriman`) VALUES
	(1, 'POS'),
	(2, 'Ekspedisi Nasional'),
	(3, 'Fax'),
	(4, 'Email'),
	(5, 'Ekspedisi Personal');
/*!40000 ALTER TABLE `tbl_pengiriman` ENABLE KEYS */;

-- Dumping structure for table s03r4t.users
DROP TABLE IF EXISTS `users`;
CREATE TABLE IF NOT EXISTS `users` (
  `id` int(11) unsigned NOT NULL AUTO_INCREMENT,
  `ip_address` varchar(45) NOT NULL,
  `username` varchar(100) DEFAULT NULL,
  `password` varchar(255) NOT NULL,
  `salt` varchar(255) DEFAULT NULL,
  `email` varchar(100) NOT NULL,
  `activation_code` varchar(40) DEFAULT NULL,
  `forgotten_password_code` varchar(40) DEFAULT NULL,
  `forgotten_password_time` int(11) unsigned DEFAULT NULL,
  `remember_code` varchar(40) DEFAULT NULL,
  `created_on` int(11) unsigned NOT NULL,
  `last_login` int(11) unsigned DEFAULT NULL,
  `active` tinyint(1) unsigned DEFAULT NULL,
  `first_name` varchar(50) DEFAULT NULL,
  `last_name` varchar(50) DEFAULT NULL,
  `company` varchar(100) DEFAULT NULL,
  `phone` varchar(20) DEFAULT NULL,
  PRIMARY KEY (`id`)
) ENGINE=InnoDB AUTO_INCREMENT=2 DEFAULT CHARSET=utf8;

-- Dumping data for table s03r4t.users: ~1 rows (approximately)
DELETE FROM `users`;
/*!40000 ALTER TABLE `users` DISABLE KEYS */;
INSERT INTO `users` (`id`, `ip_address`, `username`, `password`, `salt`, `email`, `activation_code`, `forgotten_password_code`, `forgotten_password_time`, `remember_code`, `created_on`, `last_login`, `active`, `first_name`, `last_name`, `company`, `phone`) VALUES
	(1, '127.0.0.1', 'administrator', '$2a$07$SeBknntpZror9uyftVopmu61qg0ms8Qv1yV6FG.kQOSM.9QhmTo36', '', 'admin@admin.com', '', NULL, NULL, NULL, 1268889823, 1268889823, 1, 'Adminss', 'istrator', 'ADMINfd', '0as');
/*!40000 ALTER TABLE `users` ENABLE KEYS */;

-- Dumping structure for table s03r4t.users_groups
DROP TABLE IF EXISTS `users_groups`;
CREATE TABLE IF NOT EXISTS `users_groups` (
  `id` int(11) unsigned NOT NULL AUTO_INCREMENT,
  `user_id` int(11) unsigned NOT NULL,
  `group_id` mediumint(8) unsigned NOT NULL,
  PRIMARY KEY (`id`),
  UNIQUE KEY `uc_users_groups` (`user_id`,`group_id`),
  KEY `fk_users_groups_users1_idx` (`user_id`),
  KEY `fk_users_groups_groups1_idx` (`group_id`),
  CONSTRAINT `fk_users_groups_groups1` FOREIGN KEY (`group_id`) REFERENCES `groups` (`id`) ON DELETE CASCADE ON UPDATE NO ACTION,
  CONSTRAINT `fk_users_groups_users1` FOREIGN KEY (`user_id`) REFERENCES `users` (`id`) ON DELETE CASCADE ON UPDATE NO ACTION
) ENGINE=InnoDB AUTO_INCREMENT=7 DEFAULT CHARSET=utf8;

-- Dumping data for table s03r4t.users_groups: ~2 rows (approximately)
DELETE FROM `users_groups`;
/*!40000 ALTER TABLE `users_groups` DISABLE KEYS */;
INSERT INTO `users_groups` (`id`, `user_id`, `group_id`) VALUES
	(5, 1, 1),
	(6, 1, 2);
/*!40000 ALTER TABLE `users_groups` ENABLE KEYS */;

/*!40101 SET SQL_MODE=IFNULL(@OLD_SQL_MODE, '') */;
/*!40014 SET FOREIGN_KEY_CHECKS=IF(@OLD_FOREIGN_KEY_CHECKS IS NULL, 1, @OLD_FOREIGN_KEY_CHECKS) */;
/*!40101 SET CHARACTER_SET_CLIENT=@OLD_CHARACTER_SET_CLIENT */;
